experimento,configuración,Parámetros,Épocas,Mejor época,RMSE train,RMSE val,RMSE test,brecha val/train
Neuronas (LSTM base),16 unidades,2065,53,43,24.393137282530407,25.470003324223136,24.655954182715302,1.044146270699831
Neuronas (LSTM base),32 unidades,6177,38,28,24.25971208343359,25.535522850454694,25.184126635144608,1.0525896911980388
Neuronas (LSTM base),64 unidades,20545,23,13,24.582782010722845,25.449573397855072,24.805572080683806,1.0352601014301042
Neuronas (LSTM base),128 unidades,73857,27,17,24.303124196348193,25.434554545763255,25.056881091609597,1.0465549342658205
Neuronas (LSTM base),256 unidades,278785,27,17,24.55585201462296,25.73317961704548,25.13307234867225,1.0479448891336136
Dropout (arquitectura C),dropout 0.0,125249,29,19,24.412596205967628,25.96995099133203,25.67582017578443,1.0637930833830656
Dropout (arquitectura C),dropout 0.2,125249,30,20,24.585578772803988,25.56417729254222,25.206964359995705,1.0398037617410387
Dropout (arquitectura C),dropout 0.4,125249,35,25,24.55170698582827,25.488222282019912,24.88611266380559,1.0381446103414405
Sin early stopping,"arquitectura C, dropout 0.0, 100 épocas",125249,100,19,21.226766653416476,33.99915626825356,36.898618627810784,1.6017115005493006
